{"mass_total": 397.30362548742823, "wing_span": 48.274208606683914, "wing_root_chord": 1.9011862509627684, "wing_x_quarter_chord": -0.010710895314694251, "hstab_span": 1.8631717292847778, "hstab_chord": 1.2145105074250366, "vstab_span": 2.659431295002822, "vstab_chord": 1.6786336287941006, "boom_length": 6.733703040802292, "propeller_diameter": 1.8519354090658642, "power_out_max": 4979.132111822368, "battery_capacity": 231556324.50425443, "solar_area_fraction": 0.8000000098807134, "n_ribs_wing": 139.13931331761194, "n_ribs_hstab": 5.814156022216899, "n_ribs_vstab": 7.124024434612629}