{"mass_total": 151.15254894298934, "wing_span": 33.20000019646707, "wing_root_chord": 1.1116681679222182, "wing_x_quarter_chord": -0.0030460624500120125, "hstab_span": 1.0413839068524884, "hstab_chord": 0.7605147286578388, "vstab_span": 1.6923030043940228, "vstab_chord": 1.1203178690191702, "boom_length": 4.402576455871478, "propeller_diameter": 1.1207633960257035, "power_out_max": 1668.1377327811772, "battery_capacity": 104410243.27006, "solar_area_fraction": 0.8000000092080894, "n_ribs_wing": 198.45469454625712, "n_ribs_hstab": 3.989559709004117, "n_ribs_vstab": 5.478784682271049}