{"mass_total": 388.9133484563557, "wing_span": 49.94252341991151, "wing_root_chord": 1.835938093853038, "wing_x_quarter_chord": -0.00861324499046196, "hstab_span": 1.7927692352627398, "hstab_chord": 1.1871254839255732, "vstab_span": 2.7373696201531663, "vstab_chord": 1.6712815778124332, "boom_length": 6.782725666088501, "propeller_diameter": 1.8477913563692505, "power_out_max": 4903.568302524091, "battery_capacity": 226226355.70982948, "solar_area_fraction": 0.8000000099703876, "n_ribs_wing": 151.018457182732, "n_ribs_hstab": 5.653203691188865, "n_ribs_vstab": 7.348383830048162}