{"mass_total": 378.3884765357455, "wing_span": 49.73272519768792, "wing_root_chord": 1.920038345246431, "wing_x_quarter_chord": -0.006525411672506068, "hstab_span": 1.8333169954526005, "hstab_chord": 1.0788213114699776, "vstab_span": 2.747061674227999, "vstab_chord": 1.5663696462864596, "boom_length": 7.3433794019315375, "propeller_diameter": 1.6500804833051388, "n_propellers": 6.000000046451936, "power_out_max": 4980.344163458941, "battery_capacity": 215821677.78165537, "solar_area_fraction": 0.8000000098669184, "n_ribs_wing": 141.41269948885915, "n_ribs_hstab": 6.037097917097567, "n_ribs_vstab": 7.608026483598068}