{"mass_total": 390.26574084509804, "wing_span": 44.307296371879644, "wing_root_chord": 1.89454272254176, "wing_x_quarter_chord": -0.01617524174027831, "hstab_span": 2.0792517641159853, "hstab_chord": 1.104809195449636, "vstab_span": 2.5512838509766813, "vstab_chord": 1.596066504704345, "boom_length": 6.216386736916569, "propeller_diameter": 2.16, "power_out_max": 4619.412559746407, "battery_capacity": 245721600.0, "solar_area_fraction": 0.800000009899858, "n_ribs_wing": 128.32123166591535, "n_ribs_hstab": 6.774024751886876, "n_ribs_vstab": 7.002477237250223}