{"mass_total": 384.5288690151464, "wing_span": 49.34053609381021, "wing_root_chord": 1.8484894866332566, "wing_x_quarter_chord": -0.009025500352082447, "hstab_span": 1.816561675821899, "hstab_chord": 1.1822243342483825, "vstab_span": 2.726666683027147, "vstab_chord": 1.6578338769481062, "boom_length": 6.743255139760134, "propeller_diameter": 1.8959392124628522, "power_out_max": 4950.530952390717, "battery_capacity": 224234835.33538848, "solar_area_fraction": 0.8000000099699306, "n_ribs_wing": 147.80957771063902, "n_ribs_hstab": 5.73906697102566, "n_ribs_vstab": 7.348275995242285}