{"mass_total": 314.9597973483405, "wing_span": 40.09963909259575, "wing_root_chord": 1.8452480370467195, "wing_x_quarter_chord": -0.015399819966402491, "center_hstab_span": 0.10000000678521026, "center_hstab_chord": 0.10000004007700695, "outboard_hstab_span": 2.4262100807767877, "outboard_hstab_chord": 1.2732187410425855, "center_vstab_span": 3.283661300428526, "center_vstab_chord": 2.432032769149586, "boom_length": 4.642710385345187, "propeller_diameter": 1.7415869109938868, "power_out_max": 3652.3025656370446, "battery_capacity": 199865687.90642223, "solar_area_fraction": 0.8000000099584215, "n_ribs_wing": 120.41632001907617, "n_ribs_center_hstab": 0.7234398174267465, "n_ribs_outboard_hstab": 7.408202499846795, "n_ribs_vstab": 7.319510247693471}