{"mass_total": 247.85739152971118, "wing_span": 30.360694836237606, "wing_root_chord": 1.6810199569619755, "wing_x_quarter_chord": -0.32500073514008604, "hstab_span": 5.060115740513226, "hstab_chord": 0.8807420546175347, "vstab_span": 2.206104686818066, "vstab_chord": 1.1301112271885614, "boom_length": 3.938044813633752, "propeller_diameter": 1.4977142467409983, "power_out_max": 3099.346157515001, "battery_capacity": 161217220.37508184, "solar_area_fraction": 0.8000000097803606, "n_ribs_wing": 103.59115011333928, "n_ribs_hstab": 18.21764140699737, "n_ribs_vstab": 7.114129476275518}