{"mass_total": 267.40671693888044, "wing_span": 34.96568949924723, "wing_root_chord": 1.9276852590589508, "wing_x_quarter_chord": -0.03945066335257683, "center_hstab_span": 4.201703645017969, "center_hstab_chord": 0.8324493485858164, "outboard_hstab_span": 0.09999999622798215, "outboard_hstab_chord": 0.10000000473561826, "center_vstab_span": 3.777222425739903, "center_vstab_chord": 1.4032403989766882, "boom_length": 3.642003020682406, "propeller_diameter": 1.6905253500754929, "power_out_max": 3130.5081909490173, "battery_capacity": 165373028.92389736, "solar_area_fraction": 0.8000000099664342, "n_ribs_wing": 98.88162667827362, "n_ribs_center_hstab": 15.496423619269072, "n_ribs_outboard_hstab": 0.7234388717812702, "n_ribs_vstab": 11.021690314058073}