{"mass_total": 369.78698112768245, "wing_span": 43.891057077690974, "wing_root_chord": 1.8704145685026887, "wing_x_quarter_chord": -0.012968082727234048, "hstab_span": 1.8931534587081047, "hstab_chord": 1.1648695608907933, "vstab_span": 2.4611183539064547, "vstab_chord": 1.5951942398905758, "boom_length": 6.245483902333489, "propeller_diameter": 1.786478589645448, "power_out_max": 4780.634394044362, "battery_capacity": 232188715.19304383, "solar_area_fraction": 0.8000000099636919, "n_ribs_wing": 129.37327651554253, "n_ribs_hstab": 6.021521537117519, "n_ribs_vstab": 6.756774187950768}