{"mass_total": 328.7866142081241, "wing_span": 43.03683920926089, "wing_root_chord": 1.834983650243715, "wing_x_quarter_chord": -0.011739212520336646, "hstab_span": 1.8124196828655954, "hstab_chord": 1.1472566578669028, "vstab_span": 2.40221134029189, "vstab_chord": 1.5526410831033257, "boom_length": 6.186430058040681, "propeller_diameter": 1.7697822903761447, "power_out_max": 4261.995894889618, "battery_capacity": 200459400.62026006, "solar_area_fraction": 0.8000000099547756, "n_ribs_wing": 130.22963001732055, "n_ribs_hstab": 5.804817959594105, "n_ribs_vstab": 6.681038772441394}