{"mass_total": 250.82357842296022, "wing_span": 34.71464858722145, "wing_root_chord": 1.8656269336918867, "wing_x_quarter_chord": -0.012549797751406718, "hstab_span": 1.7493148930990214, "hstab_chord": 0.8785341225681185, "vstab_span": 2.355974345189494, "vstab_chord": 1.0155568312358756, "boom_length": 6.086264887226308, "propeller_diameter": 1.7081731767942168, "power_out_max": 2973.470593664961, "battery_capacity": 158916690.09885126, "solar_area_fraction": 0.8000000098179996, "n_ribs_wing": 102.68562087637574, "n_ribs_hstab": 6.304762207180183, "n_ribs_vstab": 7.970245744309944}