{"mass_total": 389.97625854410046, "wing_span": 44.31087109005312, "wing_root_chord": 1.8898004141286175, "wing_x_quarter_chord": -0.014499701374633885, "hstab_span": 1.9807327266072976, "hstab_chord": 1.147157918703454, "vstab_span": 2.5037669083149994, "vstab_chord": 1.6112009269964689, "boom_length": 6.263901879620611, "propeller_diameter": 2.16, "power_out_max": 4569.64087378409, "battery_capacity": 245721600.0, "solar_area_fraction": 0.8000000095390497, "n_ribs_wing": 128.77417069015493, "n_ribs_hstab": 6.344139125870138, "n_ribs_vstab": 6.840968053203499}