{"mass_total": 250.98283531923389, "wing_span": 33.09907268071922, "wing_root_chord": 1.7860876055787889, "wing_x_quarter_chord": -0.03689213294968208, "hstab_span": 2.6940444896281837, "hstab_chord": 0.8457910706681226, "vstab_span": 2.131025744684068, "vstab_chord": 1.341900315295202, "boom_length": 4.705443358311915, "propeller_diameter": 1.6277598531702262, "power_out_max": 3117.051350327861, "battery_capacity": 163380599.5100351, "solar_area_fraction": 0.8000000094414172, "n_ribs_wing": 103.93757389397773, "n_ribs_hstab": 9.86894967110343, "n_ribs_vstab": 6.349863565251713}