{"mass_total": 275.06968725673204, "wing_span": 35.907688917622906, "wing_root_chord": 1.904934508695463, "wing_x_quarter_chord": -0.019806622151406397, "center_hstab_span": 0.10000000329255952, "center_hstab_chord": 0.10000002918179335, "outboard_hstab_span": 2.556588138390411, "outboard_hstab_chord": 1.1984894602243492, "center_vstab_span": 3.052351862113599, "center_vstab_chord": 2.302744116649434, "boom_length": 4.515891843085301, "propeller_diameter": 1.7124893636369498, "power_out_max": 3166.6996234993676, "battery_capacity": 168250336.6200002, "solar_area_fraction": 0.8000000099698629, "n_ribs_wing": 103.21596683495244, "n_ribs_center_hstab": 0.7234393938978897, "n_ribs_outboard_hstab": 8.026722295024824, "n_ribs_vstab": 6.994307466192279}