{"mass_total": 385.78075263078324, "wing_span": 42.83335256938964, "wing_root_chord": 1.9198325499959914, "wing_x_quarter_chord": -0.019971948454938913, "hstab_span": 2.2432640690340677, "hstab_chord": 1.0640221620710744, "vstab_span": 2.5261736348227912, "vstab_chord": 1.5737668663548279, "boom_length": 6.03848951967185, "propeller_diameter": 2.16, "power_out_max": 4509.139465122833, "battery_capacity": 245721600.0, "solar_area_fraction": 0.8000000097768845, "n_ribs_wing": 121.81259699323309, "n_ribs_hstab": 7.432930518091815, "n_ribs_vstab": 6.980504965531109}