{"mass_total": 251.09126680849553, "wing_span": 32.837229708454956, "wing_root_chord": 1.7870904213966832, "wing_x_quarter_chord": -0.05255179832042502, "hstab_span": 3.204775404727299, "hstab_chord": 0.7590422250869622, "vstab_span": 2.1490738305967736, "vstab_chord": 1.3521440094525163, "boom_length": 4.569201597494458, "propeller_diameter": 1.6227908234888373, "power_out_max": 3121.3286349061445, "battery_capacity": 163600856.24543923, "solar_area_fraction": 0.8000000099497325, "n_ribs_wing": 103.03602119302005, "n_ribs_hstab": 12.287453563805673, "n_ribs_vstab": 6.380923735605368}