{"mass_total": 253.73377774888658, "wing_span": 33.81625113942968, "wing_root_chord": 1.8066817209330828, "wing_x_quarter_chord": -0.01933537826850247, "hstab_span": 1.9094247088816512, "hstab_chord": 0.9811534086011353, "vstab_span": 2.367016284065088, "vstab_chord": 1.1115259152888934, "boom_length": 5.208703489886438, "propeller_diameter": 1.662316475820118, "power_out_max": 3137.5468259913837, "battery_capacity": 165149941.49698225, "solar_area_fraction": 0.8000000099512901, "n_ribs_wing": 104.53347998826735, "n_ribs_hstab": 6.558711366792774, "n_ribs_vstab": 7.690476607675917}