{"mass_total": 368.4012506329476, "wing_span": 43.73626848829864, "wing_root_chord": 1.8474816512909897, "wing_x_quarter_chord": -0.012809516434661817, "hstab_span": 1.8726539062941716, "hstab_chord": 1.1692318032691782, "vstab_span": 2.4414374910924272, "vstab_chord": 1.6005079290573627, "boom_length": 6.168616743211821, "propeller_diameter": 1.78590480217514, "power_out_max": 4702.098625051256, "battery_capacity": 230404984.31634036, "solar_area_fraction": 0.8000000092933955, "n_ribs_wing": 131.11896994424131, "n_ribs_hstab": 5.946183914986405, "n_ribs_vstab": 6.692047138523441}