{"mass_total": 373.383099399037, "wing_span": 44.03877865129653, "wing_root_chord": 1.8552003255303255, "wing_x_quarter_chord": -0.012861939641911593, "hstab_span": 1.8831113467792584, "hstab_chord": 1.1733688703129321, "vstab_span": 2.45994690413898, "vstab_chord": 1.608390000997005, "boom_length": 6.202126997122102, "propeller_diameter": 1.7977516146356076, "power_out_max": 4712.395797867944, "battery_capacity": 233817937.0910213, "solar_area_fraction": 0.800000009849208, "n_ribs_wing": 131.27247527762043, "n_ribs_hstab": 5.969767712584403, "n_ribs_vstab": 6.726884261278715}